<?xml version="1.0" encoding="utf-8"?>
<t:titlepages xmlns:t="http://docbook.org/xslt/ns/template"
	      xmlns="http://www.w3.org/1999/xhtml"
	      xmlns:db="http://docbook.org/ns/docbook"
	      xmlns:fo="http://www.w3.org/1999/XSL/Format">

<db:set t:side="recto">
  <fo:block>
    <db:title/>
    <db:subtitle/>
    <db:corpauthor/>
    <db:authorgroup/>
    <db:author/>
    <db:othercredit/>
    <db:releaseinfo/>
    <db:copyright/>
    <db:legalnotice/>
    <db:pubdate/>
    <db:revision/>
    <db:revhistory/>
    <db:abstract/>
  </fo:block>
</db:set>

<db:article t:side="recto">
  <fo:block text-align="center" font-family="{$title.font.family}">
    <db:title/>
    <db:subtitle/>
    <db:corpauthor fo:font-size="{$body.font.master * 1.44}pt" fo:space-before="0.5em"/>
    <db:authorgroup fo:font-size="{$body.font.master * 1.44}pt" fo:space-before="0.5em"/>
    <db:author fo:font-size="{$body.font.master * 1.44}pt" fo:space-before="0.5em"/>
    <db:editor fo:font-size="{$body.font.master * 1.44}pt" fo:space-before="0.5em"/>
    <db:othercredit fo:space-before="0.5em"/>
    <db:releaseinfo fo:space-before="0.5em"/>
    <db:copyright fo:space-before="0.5em"/>
    <db:legalnotice fo:space-before="0.5em" fo:text-align="start" fo:margin-left="0.5in" fo:margin-right="0.5in" fo:font-family="{$body.font.family}"/>
    <db:pubdate fo:space-before="0.5em"/>
    <db:revision fo:space-before="0.5em"/>
    <db:revhistory fo:space-before="0.5em"/>
    <db:abstract fo:space-before="0.5em" fo:text-align="start" fo:margin-left="0.5in" fo:margin-right="0.5in" fo:font-family="{$body.font.family}"/>
  </fo:block>
</db:article>

<db:book t:side="recto">
  <fo:block text-align="center" font-family="{$title.font.family}">
    <db:title/>
    <db:subtitle/>
    <db:corpauthor fo:font-size="{$body.font.master * 1.728}pt" fo:space-before="2in"/>
    <db:authorgroup fo:font-size="{$body.font.master * 1.728}pt" fo:space-before="2in"/>
    <db:author fo:font-size="{$body.font.master * 1.728}pt" fo:space-before="2in"/>
    <db:editor fo:font-size="{$body.font.master * 1.728}pt" fo:space-before="2in"/>
    <db:othercredit/>
    <db:pubdate fo:font-size="{$body.font.master * 1.44}pt" fo:space-before="2in"/>
  </fo:block>
</db:book>

<db:book t:side="verso">
  <fo:block font-family="{$title.font.family}">
    <db:title fo:font-weight="bold"/>
    <db:subtitle fo:font-weight="bold"/>
    <db:corpauthor/>
    <db:authorgroup/>
    <db:author/>
    <db:editor/>
    <db:othercredit/>
    <db:releaseinfo fo:space-before="0.5em"/>
    <db:copyright/>
    <db:legalnotice fo:font-size="{$body.font.master * 0.8}pt"/>
    <db:pubdate fo:space-before="1em"/>
    <db:revision/>
    <db:revhistory/>
    <db:abstract/>
  </fo:block>
</db:book>

<db:book t:side="before-verso">
  <fo:block break-after="page"/>
</db:book>

<db:part t:side="recto">
  <fo:block>
    <db:title/>
    <db:subtitle/>
    <db:corpauthor/>
    <db:authorgroup/>
    <db:author/>
    <db:othercredit/>
    <db:releaseinfo/>
    <db:copyright/>
    <db:legalnotice/>
    <db:pubdate/>
    <db:revision/>
    <db:revhistory/>
    <db:abstract/>
  </fo:block>
</db:part>

<db:reference t:side="recto">
  <fo:block>
    <db:title/>
    <db:subtitle/>
    <db:corpauthor/>
    <db:authorgroup/>
    <db:author/>
    <db:othercredit/>
    <db:releaseinfo/>
    <db:copyright/>
    <db:legalnotice/>
    <db:pubdate/>
    <db:revision/>
    <db:revhistory/>
    <db:abstract/>
  </fo:block>
</db:reference>

<db:partintro t:side="recto">
  <fo:block>
    <db:title/>
    <db:subtitle/>
    <db:corpauthor/>
    <db:authorgroup/>
    <db:author/>
    <db:othercredit/>
    <db:releaseinfo/>
    <db:copyright/>
    <db:legalnotice/>
    <db:pubdate/>
    <db:revision/>
    <db:revhistory/>
    <db:abstract/>
  </fo:block>
</db:partintro>

<db:refentry t:side="recto">
  <!-- nop -->
</db:refentry>

<db:dedication t:side="recto">
  <fo:block>
    <db:title/>
    <db:subtitle/>
  </fo:block>
</db:dedication>

<db:preface t:side="recto">
  <fo:block>
    <db:title/>
    <db:subtitle/>
    <db:corpauthor fo:font-size="{$body.font.master * 1.44}pt" fo:space-before="0.5em"/>
    <db:authorgroup fo:font-size="{$body.font.master * 1.44}pt" fo:space-before="0.5em"/>
    <db:author fo:font-size="{$body.font.master * 1.44}pt" fo:space-before="0.5em"/>
    <db:editor fo:font-size="{$body.font.master * 1.44}pt" fo:space-before="0.5em"/>
    <db:othercredit/>
    <db:releaseinfo/>
    <db:copyright/>
    <db:legalnotice/>
    <db:pubdate/>
    <db:revision/>
    <db:revhistory/>
    <db:abstract/>
  </fo:block>
</db:preface>

<db:chapter t:side="recto">
  <fo:block>
    <db:title/>
    <db:subtitle/>
    <db:corpauthor fo:font-size="{$body.font.master * 1.44}pt" fo:space-before="0.5em"/>
    <db:authorgroup fo:font-size="{$body.font.master * 1.44}pt" fo:space-before="0.5em"/>
    <db:author fo:font-size="{$body.font.master * 1.44}pt" fo:space-before="0.5em"/>
    <db:editor fo:font-size="{$body.font.master * 1.44}pt" fo:space-before="0.5em"/>
    <db:othercredit/>
    <db:releaseinfo/>
    <db:copyright/>
    <db:legalnotice/>
    <db:pubdate/>
    <db:revision/>
    <db:revhistory/>
    <db:abstract/>
  </fo:block>
</db:chapter>

<db:appendix t:side="recto">
  <fo:block>
    <db:title/>
    <db:subtitle/>
    <db:corpauthor fo:font-size="{$body.font.master * 1.44}pt" fo:space-before="0.5em"/>
    <db:authorgroup fo:font-size="{$body.font.master * 1.44}pt" fo:space-before="0.5em"/>
    <db:author fo:font-size="{$body.font.master * 1.44}pt" fo:space-before="0.5em"/>
    <db:editor fo:font-size="{$body.font.master * 1.44}pt" fo:space-before="0.5em"/>
    <db:othercredit/>
    <db:releaseinfo/>
    <db:copyright/>
    <db:legalnotice/>
    <db:pubdate/>
    <db:revision/>
    <db:revhistory/>
    <db:abstract/>
  </fo:block>
</db:appendix>

<db:bibliography t:side="recto">
  <fo:block>
    <db:title/>
    <db:subtitle/>
  </fo:block>
</db:bibliography>

<db:bibliodiv t:side="recto">
  <fo:block>
    <db:title/>
  </fo:block>
</db:bibliodiv>

<db:bibliolist>
  <db:title/>
</db:bibliolist>

<db:glossary t:side="recto">
    <db:title/>
    <db:subtitle/>
</db:glossary>

<db:glosslist>
  <db:title/>
</db:glosslist>

<db:index t:side="recto">
    <db:title/>
    <db:subtitle/>
</db:index>

<db:setindex t:side="recto">
    <db:title/>
    <db:subtitle/>
</db:setindex>

<db:indexdiv t:side="recto">
    <db:title/>
    <db:subtitle/>
</db:indexdiv>

<db:section t:side="recto">
    <db:title/>
    <db:subtitle/>
</db:section>

<db:sect1 t:side="recto">
    <db:title/>
    <db:subtitle/>
</db:sect1>

<db:sect2 t:side="recto">
    <db:title/>
    <db:subtitle/>
</db:sect2>

<db:sect3 t:side="recto">
    <db:title/>
    <db:subtitle/>
</db:sect3>

<db:sect4 t:side="recto">
    <db:title/>
    <db:subtitle/>
</db:sect4>

<db:sect5 t:side="recto">
    <db:title/>
    <db:subtitle/>
</db:sect5>

<db:simplesect t:side="recto">
    <db:title/>
    <db:subtitle/>
</db:simplesect>

<db:refsection t:side="recto">
    <db:title/>
    <db:subtitle/>
</db:refsection>

<db:refsect1 t:side="recto">
    <db:title/>
    <db:subtitle/>
</db:refsect1>

<db:refsect2 t:side="recto">
    <db:title/>
    <db:subtitle/>
</db:refsect2>

<db:refsect3 t:side="recto">
    <db:title/>
    <db:subtitle/>
</db:refsect3>

<db:glossdiv t:side="recto">
    <db:title/>
    <db:subtitle/>
</db:glossdiv>

<db:itemizedlist>
  <db:title/>
</db:itemizedlist>

<db:orderedlist>
  <db:title/>
</db:orderedlist>

<db:variablelist>
  <db:title/>
</db:variablelist>

<db:calloutlist>
  <db:title/>
</db:calloutlist>

<db:segmentedlist>
  <db:title/>
</db:segmentedlist>

<db:figure>
  <db:title/>
</db:figure>

<db:table>
  <db:title/>
</db:table>

<db:example>
  <db:title/>
</db:example>

<db:equation>
  <db:title/>
</db:equation>

<db:note>
  <db:title/>
</db:note>

<db:tip>
  <db:title/>
</db:tip>

<db:caution>
  <db:title/>
</db:caution>

<db:warning>
  <db:title/>
</db:warning>

<db:important>
  <db:title/>
</db:important>

<db:procedure>
  <db:title/>
</db:procedure>

<db:step>
  <db:title/>
</db:step>

<db:qandaset>
  <db:title/>
</db:qandaset>

<db:qandadiv>
  <db:title/>
</db:qandadiv>

<db:task>
  <db:title/>
</db:task>

<db:tasksummary>
  <db:title/>
</db:tasksummary>

<db:taskprerequisites>
  <db:title/>
</db:taskprerequisites>

<db:taskrelated>
  <db:title/>
</db:taskrelated>

<db:sidebar>
  <db:title/>
</db:sidebar>

<db:annotation>
  <db:title/>
</db:annotation>

<db:msgset>
  <db:title/>
</db:msgset>

<db:msg>
  <db:title/>
</db:msg>

<db:msgmain>
  <db:title/>
</db:msgmain>

<db:msgrel>
  <db:title/>
</db:msgrel>

<db:msgsub>
  <db:title/>
</db:msgsub>

<db:msgexplan>
  <db:title/>
</db:msgexplan>

</t:titlepages>

